antecedents,consequents,antecedent support,consequent support,support,confidence,lift,leverage,conviction,zhangs_metric
frozenset({'clicks_forumng_low'}),frozenset({'Result_Fail'}),0.3308536358564255,0.3022131299981402,0.16105635112516273,0.4867903316469927,1.6107517620097722,0.061068038261727464,1.359652619642178,0.5666501276690797
frozenset({'Result_Fail'}),frozenset({'clicks_forumng_low'}),0.3022131299981402,0.3308536358564255,0.16105635112516273,0.5329230769230769,1.6107517620097722,0.061068038261727464,1.4326256149318952,0.5433921000408712
frozenset({'clicks_homepage_low'}),frozenset({'Result_Fail'}),0.3302957039241213,0.3022131299981402,0.1913706527803608,0.5793918918918919,1.9171632016632019,0.09155095427251311,1.6589952893216908,0.7143391493940379
frozenset({'Result_Fail'}),frozenset({'clicks_homepage_low'}),0.3022131299981402,0.3302957039241213,0.1913706527803608,0.6332307692307693,1.9171632016632016,0.09155095427251311,1.8259555052404415,0.6855904256311114
frozenset({'clicks_oucontent_low'}),frozenset({'Result_Fail'}),0.34350009298865536,0.3022131299981402,0.1748186721220011,0.5089334055224689,1.684021490150348,0.07100843386524736,1.4209617959133793,0.618710445422217
frozenset({'Result_Fail'}),frozenset({'clicks_oucontent_low'}),0.3022131299981402,0.34350009298865536,0.1748186721220011,0.5784615384615385,1.6840214901503479,0.07100843386524736,1.5573902903553796,0.5821023113913715
frozenset({'Result_Fail'}),frozenset({'clicks_quiz_low'}),0.3022131299981402,0.3362469778687,0.21089827041100986,0.6978461538461539,2.0753975493533017,0.10928001877689465,2.196738617033325,0.7425829093384175
frozenset({'clicks_quiz_low'}),frozenset({'Result_Fail'}),0.3362469778687,0.3022131299981402,0.21089827041100986,0.627212389380531,2.075397549353302,0.10928001877689465,1.8718081023195292,0.7806587491840131
frozenset({'Result_Pass'}),frozenset({'clicks_forumng_high'}),0.5718802306118653,0.3299237493025851,0.2170355216663567,0.3795121951219512,1.1503027469959028,0.028358651830863085,1.0799184857937898,0.3052034779190554
frozenset({'clicks_forumng_high'}),frozenset({'Result_Pass'}),0.3299237493025851,0.5718802306118653,0.2170355216663567,0.657835400225479,1.1503027469959028,0.028358651830863085,1.2512100014737244,0.19499816990554136
frozenset({'clicks_forumng_low'}),frozenset({'Result_Pass'}),0.3308536358564255,0.5718802306118653,0.15510507718058397,0.4688026981450253,0.8197567830653012,-0.03410357639176276,0.8059524547529011,-0.24732168321026268
frozenset({'Result_Pass'}),frozenset({'clicks_forumng_low'}),0.5718802306118653,0.3308536358564255,0.15510507718058397,0.27121951219512197,0.8197567830653012,-0.03410357639176276,0.9181727218837534,-0.33931500838817896
frozenset({'Result_Pass'}),frozenset({'clicks_forumng_medium'}),0.5718802306118653,0.3392226148409894,0.19973963176492468,0.34926829268292686,1.0296138211382113,0.005744924560899672,1.0154375109265157,0.06718228987181403
frozenset({'clicks_forumng_medium'}),frozenset({'Result_Pass'}),0.3392226148409894,0.5718802306118653,0.19973963176492468,0.5888157894736842,1.0296138211382113,0.005744924560899672,1.0411872791519434,0.04352761927523668
frozenset({'clicks_homepage_high'}),frozenset({'Result_Pass'}),0.3286219081272085,0.5718802306118653,0.2226148409893993,0.6774193548387096,1.1845476003147128,0.0346824683855001,1.3271712851032174,0.23205381875742
frozenset({'Result_Pass'}),frozenset({'clicks_homepage_high'}),0.5718802306118653,0.3286219081272085,0.2226148409893993,0.38926829268292684,1.1845476003147128,0.0346824683855001,1.0993011887693471,0.3639071614744944
frozenset({'clicks_homepage_low'}),frozenset({'Result_Pass'}),0.3302957039241213,0.5718802306118653,0.12869629905151572,0.38963963963963966,0.6813308430381602,-0.060193284278719145,0.7014213195879402,-0.4112075776993947
frozenset({'Result_Pass'}),frozenset({'clicks_homepage_low'}),0.5718802306118653,0.3302957039241213,0.12869629905151572,0.2250406504065041,0.6813308430381602,-0.060193284278719145,0.8641799036648458,-0.5221000210002099
frozenset({'clicks_homepage_medium'}),frozenset({'Result_Pass'}),0.34108238794867024,0.5718802306118653,0.22056909057095034,0.6466739367502726,1.1307856123272246,0.025510815893219074,1.2116846559534553,0.17552887935691544
frozenset({'Result_Pass'}),frozenset({'clicks_homepage_medium'}),0.5718802306118653,0.34108238794867024,0.22056909057095034,0.3856910569105691,1.1307856123272246,0.025510815893219074,1.0726160175001795,0.27015587296331517
frozenset({'clicks_oucontent_high'}),frozenset({'Result_Pass'}),0.3267621350195276,0.5718802306118653,0.2187093174632695,0.6693227091633467,1.1703896608687203,0.03184051233307658,1.294675447185805,0.21624408050513044
frozenset({'Result_Pass'}),frozenset({'clicks_oucontent_high'}),0.5718802306118653,0.3267621350195276,0.2187093174632695,0.38243902439024396,1.1703896608687205,0.03184051233307658,1.0901561004818079,0.34005368002978814
frozenset({'clicks_oucontent_low'}),frozenset({'Result_Pass'}),0.34350009298865536,0.5718802306118653,0.1396689603868328,0.4066053059014618,0.7109973105145236,-0.056771952006716614,0.7214755602736175,-0.38239383397927695
frozenset({'Result_Pass'}),frozenset({'clicks_oucontent_low'}),0.5718802306118653,0.34350009298865536,0.1396689603868328,0.24422764227642277,0.7109973105145238,-0.056771952006716614,0.8686476824698299,-0.4870328170434988
frozenset({'Result_Pass'}),frozenset({'clicks_oucontent_medium'}),0.5718802306118653,0.329737771991817,0.21350195276176306,0.37333333333333335,1.132212821959015,0.024931439673640116,1.069567385119441,0.27275971205163246
frozenset({'clicks_oucontent_medium'}),frozenset({'Result_Pass'}),0.329737771991817,0.5718802306118653,0.21350195276176306,0.6474901297236323,1.1322128219590148,0.024931439673640116,1.2144901618002606,0.17422110353575412
frozenset({'clicks_quiz_high'}),frozenset({'Result_Pass'}),0.3269481123302957,0.5718802306118653,0.22689231913706528,0.6939704209328783,1.2134890905223046,0.039917157259501734,1.398948986216247,0.2613913815518281
frozenset({'Result_Pass'}),frozenset({'clicks_quiz_high'}),0.5718802306118653,0.3269481123302957,0.22689231913706528,0.39674796747967483,1.2134890905223048,0.039917157259501734,1.1157059593446579,0.4109363205195769
frozenset({'clicks_quiz_low'}),frozenset({'Result_Pass'}),0.3362469778687,0.5718802306118653,0.11344615956853264,0.3373893805309735,0.5899651054032665,-0.0788468396775623,0.6461106369396892,-0.5115039760182376
frozenset({'clicks_quiz_medium'}),frozenset({'Result_Pass'}),0.3368049098010043,0.5718802306118653,0.23154175190626744,0.6874654886802871,1.202114449637042,0.03892968241806061,1.3698319829715757,0.253518842616681
frozenset({'Result_Pass'}),frozenset({'clicks_quiz_medium'}),0.5718802306118653,0.3368049098010043,0.23154175190626744,0.40487804878048783,1.202114449637042,0.03892968241806061,1.1143851925474928,0.3927229334366136
frozenset({'clicks_homepage_high'}),frozenset({'clicks_forumng_high'}),0.3286219081272085,0.3299237493025851,0.23860888971545471,0.7260894170911149,2.2007794789734634,0.13018871768315643,2.446332097070934,0.8126799852319808
frozenset({'clicks_forumng_high'}),frozenset({'clicks_homepage_high'}),0.3299237493025851,0.3286219081272085,0.23860888971545471,0.7232243517474632,2.2007794789734634,0.13018871768315643,2.425712291206378,0.8142588805682629
frozenset({'clicks_oucontent_low'}),frozenset({'clicks_forumng_high'}),0.34350009298865536,0.3299237493025851,0.11976938813464758,0.34867352463454254,1.056830632446412,0.006440549570043766,1.0287870615445764,0.0819110376013935
frozenset({'clicks_forumng_high'}),frozenset({'clicks_oucontent_low'}),0.3299237493025851,0.34350009298865536,0.11976938813464758,0.36302142051860203,1.056830632446412,0.006440549570043766,1.0306467566709074,0.08025144677571996
frozenset({'clicks_forumng_high'}),frozenset({'clicks_oucontent_medium'}),0.3299237493025851,0.329737771991817,0.11456202343314116,0.3472378804960541,1.0530728050915301,0.005773701410919971,1.026809319936543,0.07521239515411048
frozenset({'clicks_oucontent_medium'}),frozenset({'clicks_forumng_high'}),0.329737771991817,0.3299237493025851,0.11456202343314116,0.34743372814438805,1.0530728050915301,0.005773701410919971,1.026832491345304,0.07519152601006106
frozenset({'clicks_quiz_high'}),frozenset({'clicks_forumng_high'}),0.3269481123302957,0.3299237493025851,0.15584898642365633,0.4766780432309443,1.4448127612473436,0.047981039376242415,1.280428313832669,0.4574220782518148
frozenset({'clicks_forumng_high'}),frozenset({'clicks_quiz_high'}),0.3299237493025851,0.3269481123302957,0.15584898642365633,0.47237880496054113,1.4448127612473434,0.047981039376242415,1.2756346674423666,0.45945337252104285
frozenset({'clicks_quiz_medium'}),frozenset({'clicks_forumng_high'}),0.3368049098010043,0.3299237493025851,0.13799516458992003,0.409718387631143,1.241857818654259,0.0268752259648537,1.1351806267661537,0.29366145975845537
frozenset({'clicks_forumng_high'}),frozenset({'clicks_quiz_medium'}),0.3299237493025851,0.3368049098010043,0.13799516458992003,0.4182638105975197,1.2418578186542593,0.0268752259648537,1.1400272190048628,0.290645785594963
frozenset({'clicks_forumng_low'}),frozenset({'clicks_homepage_low'}),0.3308536358564255,0.3302957039241213,0.2237307048540078,0.6762225969645869,2.0473248332649683,0.11445117030295485,2.0684096227760214,0.7644930198128913
frozenset({'clicks_homepage_low'}),frozenset({'clicks_forumng_low'}),0.3302957039241213,0.3308536358564255,0.2237307048540078,0.6773648648648648,2.047324833264968,0.11445117030295485,2.074003390434534,0.7638561192132137
frozenset({'clicks_oucontent_high'}),frozenset({'clicks_forumng_low'}),0.3267621350195276,0.3308536358564255,0.12776641249767529,0.3910073989755265,1.181813819163241,0.01965597206625634,1.098775852149776,0.22851214745832218
frozenset({'clicks_forumng_low'}),frozenset({'clicks_oucontent_high'}),0.3308536358564255,0.3267621350195276,0.12776641249767529,0.38617200674536256,1.181813819163241,0.01965597206625634,1.096785862454451,0.2299093868257717
frozenset({'clicks_forumng_low'}),frozenset({'clicks_oucontent_low'}),0.3308536358564255,0.34350009298865536,0.11326018225776455,0.342327150084317,0.9965853199801693,-0.0003880724245523409,0.9982165252762241,-0.00509443780018364
frozenset({'clicks_oucontent_low'}),frozenset({'clicks_forumng_low'}),0.34350009298865536,0.3308536358564255,0.11326018225776455,0.32972387655657825,0.9965853199801693,-0.0003880724245523409,0.9983144867311647,-0.0051920647481015865
frozenset({'clicks_forumng_low'}),frozenset({'clicks_quiz_low'}),0.3308536358564255,0.3362469778687,0.19992560907569276,0.6042720629567172,1.797107789003467,0.08867707390209832,1.677296344277816,0.6628599868143802
frozenset({'clicks_quiz_low'}),frozenset({'clicks_forumng_low'}),0.3362469778687,0.3308536358564255,0.19992560907569276,0.5945796460176991,1.797107789003467,0.08867707390209832,1.6505001724032502,0.668246072445542
frozenset({'clicks_homepage_low'}),frozenset({'clicks_forumng_medium'}),0.3302957039241213,0.3392226148409894,0.10005579319323042,0.3029279279279279,0.8930062875375373,-0.011987979162655246,0.9479326623928941,-0.15175469014893606
frozenset({'clicks_forumng_medium'}),frozenset({'clicks_homepage_low'}),0.3392226148409894,0.3302957039241213,0.10005579319323042,0.29495614035087714,0.8930062875375373,-0.011987979162655246,0.9498760777934703,-0.15349017232094794
frozenset({'clicks_homepage_medium'}),frozenset({'clicks_forumng_medium'}),0.34108238794867024,0.3392226148409894,0.16589176120513296,0.48636859323882226,1.4337740821519447,0.05018890168897627,1.2864816607023624,0.45914700748902965
frozenset({'clicks_forumng_medium'}),frozenset({'clicks_homepage_medium'}),0.3392226148409894,0.34108238794867024,0.16589176120513296,0.4890350877192982,1.4337740821519447,0.05018890168897627,1.2895554982635464,0.4578547277043715
frozenset({'clicks_oucontent_high'}),frozenset({'clicks_forumng_medium'}),0.3267621350195276,0.3392226148409894,0.10340338478705598,0.3164484917472965,0.9328637829633845,-0.0074417210852926186,0.9666826525598515,-0.09657449516939011
frozenset({'clicks_forumng_medium'}),frozenset({'clicks_oucontent_high'}),0.3392226148409894,0.3267621350195276,0.10340338478705598,0.3048245614035087,0.9328637829633845,-0.0074417210852926186,0.9684431117700172,-0.09821676380793791
frozenset({'clicks_oucontent_low'}),frozenset({'clicks_forumng_medium'}),0.34350009298865536,0.3392226148409894,0.11047052259624326,0.3216025988088793,0.9480576610720087,-0.006052477145491425,0.9740269995121251,-0.07702668797126513
frozenset({'clicks_forumng_medium'}),frozenset({'clicks_oucontent_low'}),0.3392226148409894,0.34350009298865536,0.11047052259624326,0.3256578947368421,0.9480576610720087,-0.006052477145491425,0.9735413255192622,-0.07656624102154823
frozenset({'clicks_forumng_medium'}),frozenset({'clicks_oucontent_medium'}),0.3392226148409894,0.329737771991817,0.12534870745769017,0.36951754385964913,1.1206406279375825,0.013494198230784044,1.0630941772929792,0.16291911963058758
frozenset({'clicks_oucontent_medium'}),frozenset({'clicks_forumng_medium'}),0.329737771991817,0.3392226148409894,0.12534870745769017,0.380146644106035,1.1206406279375822,0.013494198230784044,1.0660221145467934,0.1606136603905321
frozenset({'clicks_quiz_high'}),frozenset({'clicks_forumng_medium'}),0.3269481123302957,0.3392226148409894,0.10507718058396875,0.3213879408418658,0.9474248672734168,-0.005831012998039689,0.9737188961521717,-0.07616921532429544
frozenset({'clicks_forumng_medium'}),frozenset({'clicks_quiz_high'}),0.3392226148409894,0.3269481123302957,0.10507718058396875,0.30975877192982454,0.9474248672734167,-0.005831012998039689,0.9750966188320417,-0.07747450405141111
frozenset({'clicks_quiz_low'}),frozenset({'clicks_forumng_medium'}),0.3362469778687,0.3392226148409894,0.10024177050399852,0.2981194690265487,0.8788313514011798,-0.013820808561002193,0.9414385440248159,-0.17199347474260518
frozenset({'clicks_forumng_medium'}),frozenset({'clicks_quiz_low'}),0.3392226148409894,0.3362469778687,0.10024177050399852,0.2955043859649123,0.8788313514011801,-0.013820808561002193,0.9421677139046623,-0.17263429209351186
frozenset({'clicks_quiz_medium'}),frozenset({'clicks_forumng_medium'}),0.3368049098010043,0.3392226148409894,0.13390366375302212,0.3975704030922142,1.172004417448923,0.019651821559041854,1.0968541196360846,0.2212936997569636
frozenset({'clicks_forumng_medium'}),frozenset({'clicks_quiz_medium'}),0.3392226148409894,0.3368049098010043,0.13390366375302212,0.3947368421052631,1.172004417448923,0.019651821559041854,1.095713627285297,0.22210338680926883
frozenset({'clicks_oucontent_high'}),frozenset({'clicks_homepage_high'}),0.3267621350195276,0.3286219081272085,0.1480379393713967,0.4530449630051224,1.3786206938758025,0.04065674305755901,1.2274831502814723,0.407935048169022
frozenset({'clicks_homepage_high'}),frozenset({'clicks_oucontent_high'}),0.3286219081272085,0.3267621350195276,0.1480379393713967,0.45048104131295985,1.3786206938758025,0.04065674305755901,1.2251403783939185,0.40906506215286975
frozenset({'clicks_quiz_high'}),frozenset({'clicks_homepage_high'}),0.3269481123302957,0.3286219081272085,0.19583410823879488,0.5989761092150171,1.8226907409446218,0.08839179570622421,1.6741598376061952,0.6706177982773729
frozenset({'clicks_homepage_high'}),frozenset({'clicks_quiz_high'}),0.3286219081272085,0.3269481123302957,0.19583410823879488,0.5959252971137522,1.822690740944622,0.08839179570622421,1.6656620245271254,0.6722896986054882
frozenset({'clicks_quiz_medium'}),frozenset({'clicks_homepage_high'}),0.3368049098010043,0.3286219081272085,0.11214431839315603,0.3329652125897294,1.0132167221816497,0.0014628462677376552,1.0065113612430672,0.019668901705716897
frozenset({'clicks_homepage_high'}),frozenset({'clicks_quiz_medium'}),0.3286219081272085,0.3368049098010043,0.11214431839315603,0.34125636672325976,1.0132167221816497,0.0014628462677376552,1.0067574951732177,0.01942916993977464
frozenset({'clicks_oucontent_low'}),frozenset({'clicks_homepage_low'}),0.34350009298865536,0.3302957039241213,0.16533382927282872,0.48132106118029244,1.4572428749810993,0.05187722426113968,1.2911731052736413,0.47794765739268424
frozenset({'clicks_homepage_low'}),frozenset({'clicks_oucontent_low'}),0.3302957039241213,0.34350009298865536,0.16533382927282872,0.5005630630630631,1.4572428749810993,0.05187722426113968,1.3144800843879911,0.46852408514195376
frozenset({'clicks_homepage_low'}),frozenset({'clicks_oucontent_medium'}),0.3302957039241213,0.329737771991817,0.109912590663939,0.3327702702702703,1.0091966966966968,0.0010016211535304187,1.0045449088122642,0.01360733129686211
frozenset({'clicks_oucontent_medium'}),frozenset({'clicks_homepage_low'}),0.329737771991817,0.3302957039241213,0.109912590663939,0.33333333333333337,1.0091966966966968,0.0010016211535304187,1.0045564441138182,0.01359600443951178
frozenset({'clicks_homepage_low'}),frozenset({'clicks_quiz_low'}),0.3302957039241213,0.3362469778687,0.2267063418262972,0.6863738738738738,2.04127893795344,0.1156454095787965,2.1163830651798716,0.7616959467325067
frozenset({'clicks_quiz_low'}),frozenset({'clicks_homepage_low'}),0.3362469778687,0.3302957039241213,0.2267063418262972,0.6742256637168142,2.0412789379534404,0.1156454095787965,2.055730674541917,0.7685253864342274
frozenset({'clicks_oucontent_high'}),frozenset({'clicks_homepage_medium'}),0.3267621350195276,0.34108238794867024,0.12367491166077739,0.3784860557768924,1.1096616804320343,0.012222102357111103,1.0601815424672036,0.14678976446641476
frozenset({'clicks_homepage_medium'}),frozenset({'clicks_oucontent_high'}),0.34108238794867024,0.3267621350195276,0.12367491166077739,0.3625954198473283,1.1096616804320343,0.012222102357111103,1.0562174887717592,0.14997994563037578
frozenset({'clicks_homepage_medium'}),frozenset({'clicks_oucontent_medium'}),0.34108238794867024,0.329737771991817,0.12386088897154547,0.3631406761177754,1.1013014187734227,0.011393142303702378,1.0524494230881916,0.13959768405153686
frozenset({'clicks_oucontent_medium'}),frozenset({'clicks_homepage_medium'}),0.329737771991817,0.34108238794867024,0.12386088897154547,0.3756345177664975,1.1013014187734227,0.011393142303702378,1.0553395900334308,0.13723490416054246
frozenset({'clicks_quiz_high'}),frozenset({'clicks_homepage_medium'}),0.3269481123302957,0.34108238794867024,0.10712293100241771,0.3276450511945393,0.9606038387530196,-0.0043933118865096266,0.9800145194469017,-0.05743446719154395
frozenset({'clicks_homepage_medium'}),frozenset({'clicks_quiz_high'}),0.34108238794867024,0.3269481123302957,0.10712293100241771,0.31406761177753545,0.9606038387530195,-0.0043933118865096266,0.9812219093690282,-0.05859429058561064
frozenset({'clicks_quiz_medium'}),frozenset({'clicks_homepage_medium'}),0.3368049098010043,0.34108238794867024,0.1450623023991073,0.4307012700165654,1.262748489028938,0.030184079491344273,1.157419782177457,0.3137487956052174
frozenset({'clicks_homepage_medium'}),frozenset({'clicks_quiz_medium'}),0.34108238794867024,0.3368049098010043,0.1450623023991073,0.42529989094874593,1.262748489028938,0.030184079491344273,1.1539846256403778,0.3157855504172185
frozenset({'clicks_oucontent_high'}),frozenset({'clicks_quiz_high'}),0.3267621350195276,0.3269481123302957,0.18058396875581179,0.5526465566306203,1.6903188481244855,0.07374970553016003,1.5045192959741351,0.6066141871170008
frozenset({'clicks_quiz_high'}),frozenset({'clicks_oucontent_high'}),0.3269481123302957,0.3267621350195276,0.18058396875581179,0.5523321956769056,1.6903188481244857,0.07374970553016003,1.5038782295243591,0.6067818064005369
frozenset({'clicks_oucontent_low'}),frozenset({'clicks_quiz_low'}),0.34350009298865536,0.3362469778687,0.16775153431281384,0.48835950189496485,1.4523833195183773,0.05225066614776104,1.2973035257952499,0.4744502302092298
frozenset({'clicks_quiz_low'}),frozenset({'clicks_oucontent_low'}),0.3362469778687,0.34350009298865536,0.16775153431281384,0.49889380530973454,1.4523833195183773,0.05225066614776104,1.3101013596870983,0.4692657082203926
frozenset({'clicks_oucontent_low'}),frozenset({'clicks_quiz_medium'}),0.34350009298865536,0.3368049098010043,0.11456202343314116,0.33351380617217113,0.9902284570887708,-0.0011304944025394975,0.9950620077965436,-0.014808589298942253
frozenset({'clicks_quiz_medium'}),frozenset({'clicks_oucontent_low'}),0.3368049098010043,0.34350009298865536,0.11456202343314116,0.3401435670900055,0.9902284570887707,-0.0011304944025394975,0.9949132481987825,-0.014661283311974204
frozenset({'clicks_quiz_medium'}),frozenset({'clicks_oucontent_medium'}),0.3368049098010043,0.329737771991817,0.16626371582666916,0.4936499171728327,1.497098479773447,0.05520641527298112,1.3237130806137616,0.5006690706787069
frozenset({'clicks_oucontent_medium'}),frozenset({'clicks_quiz_medium'}),0.329737771991817,0.3368049098010043,0.16626371582666916,0.5042301184433164,1.4970984797734468,0.05520641527298112,1.337707502756336,0.49539009601561285
"frozenset({'clicks_forumng_low', 'clicks_homepage_low'})",frozenset({'Result_Fail'}),0.2237307048540078,0.3022131299981402,0.13892505114376047,0.6209476309226933,2.054667945520814,0.07131069455314067,1.8408719399391174,0.6612439215414606
"frozenset({'clicks_forumng_low', 'Result_Fail'})",frozenset({'clicks_homepage_low'}),0.16105635112516273,0.3302957039241213,0.13892505114376047,0.8625866050808315,2.6115586573871794,0.0857288302774244,4.873646389930348,0.7355522733808209
"frozenset({'clicks_homepage_low', 'Result_Fail'})",frozenset({'clicks_forumng_low'}),0.1913706527803608,0.3308536358564255,0.13892505114376047,0.7259475218658892,2.1941651630538987,0.07560937487516053,2.441672371289851,0.673047294975671
frozenset({'clicks_forumng_low'}),"frozenset({'clicks_homepage_low', 'Result_Fail'})",0.3308536358564255,0.1913706527803608,0.13892505114376047,0.41989881956155145,2.1941651630538987,0.07560937487516053,1.393945357271064,0.8133434237226841
frozenset({'clicks_homepage_low'}),"frozenset({'clicks_forumng_low', 'Result_Fail'})",0.3302957039241213,0.16105635112516273,0.13892505114376047,0.4206081081081081,2.6115586573871794,0.0857288302774244,1.4479727117606522,0.9214319092532305
frozenset({'Result_Fail'}),"frozenset({'clicks_forumng_low', 'clicks_homepage_low'})",0.3022131299981402,0.2237307048540078,0.13892505114376047,0.45969230769230773,2.0546679455208134,0.07131069455314067,1.4367170895355779,0.7356162389429788
"frozenset({'clicks_forumng_low', 'Result_Fail'})",frozenset({'clicks_quiz_low'}),0.16105635112516273,0.3362469778687,0.13371768644225404,0.8302540415704388,2.4691791933209344,0.07956297510985788,3.9102729058891548,0.7092337105804418
"frozenset({'clicks_forumng_low', 'clicks_quiz_low'})",frozenset({'Result_Fail'}),0.19992560907569276,0.3022131299981402,0.13371768644225404,0.6688372093023256,2.2131308765652955,0.07329754235670435,2.107081138348313,0.6851255909047707
"frozenset({'Result_Fail', 'clicks_quiz_low'})",frozenset({'clicks_forumng_low'}),0.21089827041100986,0.3308536358564255,0.13371768644225404,0.6340388007054674,1.916372474082798,0.06394122688093982,1.8284625950332853,0.6059811513162315
frozenset({'clicks_forumng_low'}),"frozenset({'Result_Fail', 'clicks_quiz_low'})",0.3308536358564255,0.21089827041100986,0.13371768644225404,0.4041596402473299,1.9163724740827979,0.06394122688093982,1.3243509216403901,0.7146131253570791
frozenset({'Result_Fail'}),"frozenset({'clicks_forumng_low', 'clicks_quiz_low'})",0.3022131299981402,0.19992560907569276,0.13371768644225404,0.44246153846153846,2.213130876565295,0.07329754235670435,1.4350120146269307,0.7855571140917705
frozenset({'clicks_quiz_low'}),"frozenset({'clicks_forumng_low', 'Result_Fail'})",0.3362469778687,0.16105635112516273,0.13371768644225404,0.39767699115044247,2.4691791933209344,0.07956297510985788,1.3928467558913737,0.8964284865307854
"frozenset({'clicks_oucontent_low', 'Result_Fail'})",frozenset({'clicks_homepage_low'}),0.1748186721220011,0.3302957039241213,0.12962618560535616,0.7414893617021278,2.2449258433965884,0.07188432923773964,2.590625672063071,0.6720353076338305
"frozenset({'clicks_oucontent_low', 'clicks_homepage_low'})",frozenset({'Result_Fail'}),0.16533382927282872,0.3022131299981402,0.12962618560535616,0.7840269966254219,2.59428502206455,0.07966013156623646,3.230898580373195,0.7362672211182635
"frozenset({'clicks_homepage_low', 'Result_Fail'})",frozenset({'clicks_oucontent_low'}),0.1913706527803608,0.34350009298865536,0.12962618560535616,0.6773566569484937,1.9719256872831894,0.06389034858000255,2.034754229863475,0.6095270966779693
frozenset({'clicks_oucontent_low'}),"frozenset({'clicks_homepage_low', 'Result_Fail'})",0.34350009298865536,0.1913706527803608,0.12962618560535616,0.3773687060097456,1.9719256872831894,0.06389034858000255,1.2987290472301511,0.7507716193642523
frozenset({'Result_Fail'}),"frozenset({'clicks_oucontent_low', 'clicks_homepage_low'})",0.3022131299981402,0.16533382927282872,0.12962618560535616,0.428923076923077,2.59428502206455,0.07966013156623646,1.4615652235254886,0.8806949062843193
frozenset({'clicks_homepage_low'}),"frozenset({'clicks_oucontent_low', 'Result_Fail'})",0.3302957039241213,0.1748186721220011,0.12962618560535616,0.39245495495495497,2.2449258433965884,0.07188432923773964,1.3582224636805618,0.8280535017970857
"frozenset({'clicks_homepage_low', 'Result_Fail'})",frozenset({'clicks_quiz_low'}),0.1913706527803608,0.3362469778687,0.16644969313743724,0.8697764820213799,2.5867191061000887,0.10210188948728059,5.0970288042769205,0.7585798132320518
"frozenset({'clicks_homepage_low', 'clicks_quiz_low'})",frozenset({'Result_Fail'}),0.2267063418262972,0.3022131299981402,0.16644969313743724,0.734208367514356,2.4294390105382724,0.09793605998368367,2.6253154152230467,0.7608782692581575
"frozenset({'Result_Fail', 'clicks_quiz_low'})",frozenset({'clicks_homepage_low'}),0.21089827041100986,0.3302957039241213,0.16644969313743724,0.7892416225749559,2.3895001151945596,0.09679090045565306,3.1775927688286463,0.7369169331807762
frozenset({'clicks_homepage_low'}),"frozenset({'Result_Fail', 'clicks_quiz_low'})",0.3302957039241213,0.21089827041100986,0.16644969313743724,0.5039414414414415,2.3895001151945596,0.09679090045565306,1.590743100737851,0.8682972917206423
frozenset({'Result_Fail'}),"frozenset({'clicks_homepage_low', 'clicks_quiz_low'})",0.3022131299981402,0.2267063418262972,0.16644969313743724,0.5507692307692308,2.4294390105382724,0.09793605998368367,1.7213728692222836,0.8432121118271373
frozenset({'clicks_quiz_low'}),"frozenset({'clicks_homepage_low', 'Result_Fail'})",0.3362469778687,0.1913706527803608,0.16644969313743724,0.49502212389380534,2.5867191061000887,0.10210188948728059,1.6013163852936556,0.9241538324272798
"frozenset({'clicks_oucontent_low', 'Result_Fail'})",frozenset({'clicks_quiz_low'}),0.1748186721220011,0.3362469778687,0.1411567788729775,0.8074468085106383,2.4013503812841273,0.08237452869693548,3.447115142560343,0.7071992821177053
"frozenset({'clicks_oucontent_low', 'clicks_quiz_low'})",frozenset({'Result_Fail'}),0.16775153431281384,0.3022131299981402,0.1411567788729775,0.8414634146341464,2.7843377110694187,0.09046006262631162,4.401424872319425,0.7700202412760101
"frozenset({'Result_Fail', 'clicks_quiz_low'})",frozenset({'clicks_oucontent_low'}),0.21089827041100986,0.34350009298865536,0.1411567788729775,0.6693121693121693,1.9485065156424117,0.06871320337564904,1.9852557188023061,0.6168867765461645
frozenset({'clicks_oucontent_low'}),"frozenset({'Result_Fail', 'clicks_quiz_low'})",0.34350009298865536,0.21089827041100986,0.1411567788729775,0.410936654033568,1.948506515642412,0.06871320337564904,1.3395872192563096,0.741487420080843
frozenset({'Result_Fail'}),"frozenset({'clicks_oucontent_low', 'clicks_quiz_low'})",0.3022131299981402,0.16775153431281384,0.1411567788729775,0.46707692307692317,2.7843377110694187,0.09046006262631162,1.561667155590852,0.9184010073854332
frozenset({'clicks_quiz_low'}),"frozenset({'clicks_oucontent_low', 'Result_Fail'})",0.3362469778687,0.1748186721220011,0.1411567788729775,0.41980088495575224,2.4013503812841277,0.08237452869693548,1.4222381704513078,0.8791939520191255
"frozenset({'clicks_homepage_high', 'Result_Pass'})",frozenset({'clicks_forumng_high'}),0.2226148409893993,0.3299237493025851,0.15956853263901805,0.7167919799498748,2.1725989155526926,0.08612260964939662,2.3660214515775984,0.6942784488239033
"frozenset({'clicks_homepage_high', 'clicks_forumng_high'})",frozenset({'Result_Pass'}),0.23860888971545471,0.5718802306118653,0.15956853263901805,0.6687451286048325,1.1693796931733933,0.023112825762502676,1.2924180332352397,0.19023831566577065
"frozenset({'Result_Pass', 'clicks_forumng_high'})",frozenset({'clicks_homepage_high'}),0.2170355216663567,0.3286219081272085,0.15956853263901805,0.7352185089974294,2.237277828454543,0.08824590537763581,2.535592987752582,0.7063260967061442
frozenset({'clicks_homepage_high'}),"frozenset({'Result_Pass', 'clicks_forumng_high'})",0.3286219081272085,0.2170355216663567,0.15956853263901805,0.48556876061120546,2.237277828454543,0.08824590537763581,1.522000256562759,0.8237210158262791
frozenset({'Result_Pass'}),"frozenset({'clicks_homepage_high', 'clicks_forumng_high'})",0.5718802306118653,0.23860888971545471,0.15956853263901805,0.27902439024390246,1.1693796931733933,0.023112825762502676,1.0560566820590784,0.338330001883434
frozenset({'clicks_forumng_high'}),"frozenset({'clicks_homepage_high', 'Result_Pass'})",0.3299237493025851,0.2226148409893993,0.15956853263901805,0.4836527621195039,2.172598915552692,0.08612260964939662,1.505547240267255,0.8054632017995881
"frozenset({'clicks_quiz_high', 'Result_Pass'})",frozenset({'clicks_forumng_high'}),0.22689231913706528,0.3299237493025851,0.10247349823321555,0.4516393442622951,1.3689203799878018,0.027616333615556293,1.2219626694332528,0.348589635395133
"frozenset({'clicks_quiz_high', 'clicks_forumng_high'})",frozenset({'Result_Pass'}),0.15584898642365633,0.5718802306118653,0.10247349823321555,0.6575178997613365,1.149747560005433,0.013346543936629512,1.2500500583528111,0.15428976296976926
"frozenset({'Result_Pass', 'clicks_forumng_high'})",frozenset({'clicks_quiz_high'}),0.2170355216663567,0.3269481123302957,0.10247349823321555,0.4721508140531277,1.4441154306960566,0.03151414411577924,1.2750836897898454,0.39278228744110266
frozenset({'clicks_quiz_high'}),"frozenset({'Result_Pass', 'clicks_forumng_high'})",0.3269481123302957,0.2170355216663567,0.10247349823321555,0.3134243458475541,1.4441154306960569,0.03151414411577924,1.1403906817817275,0.4569255126076381
frozenset({'clicks_forumng_high'}),"frozenset({'clicks_quiz_high', 'Result_Pass'})",0.3299237493025851,0.22689231913706528,0.10247349823321555,0.310597519729425,1.3689203799878018,0.027616333615556293,1.1214170284961948,0.40218904089302465
"frozenset({'clicks_homepage_medium', 'Result_Pass'})",frozenset({'clicks_forumng_medium'}),0.22056909057095034,0.3392226148409894,0.1032174074762879,0.4679595278246206,1.3795056913996626,0.0283953838197111,1.2419682706792181,0.35295323956741276
"frozenset({'clicks_homepage_medium', 'clicks_forumng_medium'})",frozenset({'Result_Pass'}),0.16589176120513296,0.5718802306118653,0.1032174074762879,0.6221973094170404,1.0879853439790006,0.00834718882168796,1.1331834845525703,0.09695380999728835
"frozenset({'Result_Pass', 'clicks_forumng_medium'})",frozenset({'clicks_homepage_medium'}),0.19973963176492468,0.34108238794867024,0.1032174074762879,0.5167597765363129,1.5150585160500298,0.03508973690591932,1.3635404919906133,0.4248110997355712
frozenset({'clicks_homepage_medium'}),"frozenset({'Result_Pass', 'clicks_forumng_medium'})",0.34108238794867024,0.19973963176492468,0.1032174074762879,0.3026172300981462,1.5150585160500298,0.03508973690591932,1.1475195585169102,0.5159362580192386
frozenset({'clicks_forumng_medium'}),"frozenset({'clicks_homepage_medium', 'Result_Pass'})",0.3392226148409894,0.22056909057095034,0.1032174074762879,0.3042763157894737,1.3795056913996626,0.0283953838197111,1.1203167681627948,0.4163318398612516
"frozenset({'clicks_oucontent_high', 'clicks_homepage_high'})",frozenset({'Result_Pass'}),0.1480379393713967,0.5718802306118653,0.10303143016551981,0.6959798994974874,1.2170029006822731,0.01837145925850013,1.408195605094856,0.20929250230704913
"frozenset({'clicks_oucontent_high', 'Result_Pass'})",frozenset({'clicks_homepage_high'}),0.2187093174632695,0.3286219081272085,0.10303143016551981,0.4710884353741497,1.4335271743105844,0.031158756935540793,1.2693579357594902,0.38707734190845056
"frozenset({'clicks_homepage_high', 'Result_Pass'})",frozenset({'clicks_oucontent_high'}),0.2226148409893993,0.3267621350195276,0.10303143016551981,0.46282372598162075,1.4163933833825697,0.03028932943679105,1.2532903956168362,0.3781670495569413
frozenset({'clicks_oucontent_high'}),"frozenset({'clicks_homepage_high', 'Result_Pass'})",0.3267621350195276,0.2226148409893993,0.10303143016551981,0.315310187820148,1.4163933833825697,0.03028932943679105,1.1353829795358483,0.436668029598899
frozenset({'clicks_homepage_high'}),"frozenset({'clicks_oucontent_high', 'Result_Pass'})",0.3286219081272085,0.2187093174632695,0.10303143016551981,0.3135257498585173,1.4335271743105844,0.031158756935540793,1.138120887091841,0.45044651339540187
"frozenset({'clicks_quiz_high', 'clicks_homepage_high'})",frozenset({'Result_Pass'}),0.19583410823879488,0.5718802306118653,0.13334573182071788,0.6809116809116809,1.190654344150279,0.02135207683944687,1.3416967772788861,0.19912021644301153
"frozenset({'clicks_quiz_high', 'Result_Pass'})",frozenset({'clicks_homepage_high'}),0.22689231913706528,0.3286219081272085,0.13334573182071788,0.5877049180327869,1.7883923849814913,0.058783944966487936,1.6283921910234707,0.5702162909162647
"frozenset({'clicks_homepage_high', 'Result_Pass'})",frozenset({'clicks_quiz_high'}),0.2226148409893993,0.3269481123302957,0.13334573182071788,0.5989974937343359,1.8320873286743595,0.060562229782524846,1.6784231448763252,0.5842335488779005
frozenset({'clicks_quiz_high'}),"frozenset({'clicks_homepage_high', 'Result_Pass'})",0.3269481123302957,0.2226148409893993,0.13334573182071788,0.40784982935153585,1.8320873286743595,0.060562229782524846,1.3128175884155964,0.6747986278832893
frozenset({'clicks_homepage_high'}),"frozenset({'clicks_quiz_high', 'Result_Pass'})",0.3286219081272085,0.22689231913706528,0.13334573182071788,0.4057724957555178,1.7883923849814911,0.058783944966487936,1.30102978293791,0.6566174851354326
frozenset({'Result_Pass'}),"frozenset({'clicks_quiz_high', 'clicks_homepage_high'})",0.5718802306118653,0.19583410823879488,0.13334573182071788,0.23317073170731709,1.190654344150279,0.02135207683944687,1.04868961711862,0.37402077145941864
"frozenset({'clicks_oucontent_high', 'clicks_quiz_high'})",frozenset({'Result_Pass'}),0.18058396875581179,0.5718802306118653,0.13037009484842849,0.721936148300721,1.262390461597716,0.02709769315154896,1.5396455410217735,0.25365877033198797
"frozenset({'clicks_oucontent_high', 'Result_Pass'})",frozenset({'clicks_quiz_high'}),0.2187093174632695,0.3269481123302957,0.13037009484842849,0.5960884353741496,1.8231897138832778,0.05886349635476515,1.666334778735941,0.5779036375076785
"frozenset({'clicks_quiz_high', 'Result_Pass'})",frozenset({'clicks_oucontent_high'}),0.22689231913706528,0.3267621350195276,0.13037009484842849,0.5745901639344262,1.7584355785289754,0.056230276227669004,1.582562996678567,0.5578947151685776
frozenset({'clicks_oucontent_high'}),"frozenset({'clicks_quiz_high', 'Result_Pass'})",0.3267621350195276,0.22689231913706528,0.13037009484842849,0.3989755264655663,1.7584355785289754,0.056230276227669004,1.2863164727994094,0.6406542350706566
frozenset({'clicks_quiz_high'}),"frozenset({'clicks_oucontent_high', 'Result_Pass'})",0.3269481123302957,0.2187093174632695,0.13037009484842849,0.3987485779294653,1.8231897138832778,0.05886349635476515,1.299440889214354,0.670840890071776
frozenset({'Result_Pass'}),"frozenset({'clicks_oucontent_high', 'clicks_quiz_high'})",0.5718802306118653,0.18058396875581179,0.13037009484842849,0.22796747967479675,1.262390461597716,0.02709769315154896,1.061375019408542,0.4854998010785139
"frozenset({'clicks_quiz_medium', 'Result_Pass'})",frozenset({'clicks_oucontent_medium'}),0.23154175190626744,0.329737771991817,0.11865352427003906,0.5124497991967871,1.554113124806049,0.042305462873384395,1.374755311153522,0.46397601713971853
"frozenset({'clicks_quiz_medium', 'clicks_oucontent_medium'})",frozenset({'Result_Pass'}),0.16626371582666916,0.5718802306118653,0.11865352427003906,0.7136465324384788,1.2478950910314472,0.023570592120697856,1.4950745071601266,0.23826549199798328
"frozenset({'Result_Pass', 'clicks_oucontent_medium'})",frozenset({'clicks_quiz_medium'}),0.21350195276176306,0.3368049098010043,0.11865352427003906,0.5557491289198606,1.650062433021585,0.04674501832777517,1.4928391442126412,0.5009069338371936
frozenset({'clicks_quiz_medium'}),"frozenset({'Result_Pass', 'clicks_oucontent_medium'})",0.3368049098010043,0.21350195276176306,0.11865352427003906,0.3522915516289343,1.650062433021585,0.04674501832777517,1.2142778887881047,0.5940368545141592
frozenset({'Result_Pass'}),"frozenset({'clicks_quiz_medium', 'clicks_oucontent_medium'})",0.5718802306118653,0.16626371582666916,0.11865352427003906,0.20747967479674798,1.2478950910314472,0.023570592120697856,1.0520061854054135,0.4640070376311725
frozenset({'clicks_oucontent_medium'}),"frozenset({'clicks_quiz_medium', 'Result_Pass'})",0.329737771991817,0.23154175190626744,0.11865352427003906,0.3598420755781162,1.554113124806049,0.042305462873384395,1.2004198007666853,0.5319503059992555
"frozenset({'clicks_quiz_high', 'clicks_homepage_high'})",frozenset({'clicks_forumng_high'}),0.19583410823879488,0.3299237493025851,0.13483355030686256,0.6885090218423551,2.0868731738705426,0.07022322707539108,2.151189914586517,0.6476452199432198
"frozenset({'clicks_quiz_high', 'clicks_forumng_high'})",frozenset({'clicks_homepage_high'}),0.15584898642365633,0.3286219081272085,0.13483355030686256,0.8651551312649164,2.6326763671824875,0.0836181590086292,4.978892398136274,0.7346533871200552
"frozenset({'clicks_homepage_high', 'clicks_forumng_high'})",frozenset({'clicks_quiz_high'}),0.23860888971545471,0.3269481123302957,0.13483355030686256,0.5650818394388153,1.728353271139084,0.05682082422916694,1.547536867168872,0.5534797769654499
frozenset({'clicks_quiz_high'}),"frozenset({'clicks_homepage_high', 'clicks_forumng_high'})",0.3269481123302957,0.23860888971545471,0.13483355030686256,0.4124004550625711,1.728353271139084,0.05682082422916694,1.2957653164377836,0.626124953549752
frozenset({'clicks_homepage_high'}),"frozenset({'clicks_quiz_high', 'clicks_forumng_high'})",0.3286219081272085,0.15584898642365633,0.13483355030686256,0.41029994340690434,2.6326763671824875,0.0836181590086292,1.4314921698554695,0.9237096188747731
frozenset({'clicks_forumng_high'}),"frozenset({'clicks_quiz_high', 'clicks_homepage_high'})",0.3299237493025851,0.19583410823879488,0.13483355030686256,0.4086809470124013,2.086873173870543,0.07022322707539108,1.3599526139031246,0.7772461645946385
"frozenset({'clicks_forumng_low', 'clicks_oucontent_low'})",frozenset({'clicks_homepage_low'}),0.11326018225776455,0.3302957039241213,0.10730890831318579,0.9474548440065682,2.868504896522138,0.06989955668778318,12.745309884694084,0.7345856402591512
"frozenset({'clicks_forumng_low', 'clicks_homepage_low'})",frozenset({'clicks_oucontent_low'}),0.2237307048540078,0.34350009298865536,0.10730890831318579,0.4796342477140482,1.3963147536320724,0.030457390391416705,1.261612441109661,0.3656322584556208
"frozenset({'clicks_oucontent_low', 'clicks_homepage_low'})",frozenset({'clicks_forumng_low'}),0.16533382927282872,0.3308536358564255,0.10730890831318579,0.6490438695163104,1.9617250626133789,0.052607609768204895,1.9066381978321718,0.5873540687741932
frozenset({'clicks_forumng_low'}),"frozenset({'clicks_oucontent_low', 'clicks_homepage_low'})",0.3308536358564255,0.16533382927282872,0.10730890831318579,0.3243395165823496,1.9617250626133789,0.052607609768204895,1.2353337085887168,0.7326417622730904
frozenset({'clicks_oucontent_low'}),"frozenset({'clicks_forumng_low', 'clicks_homepage_low'})",0.34350009298865536,0.2237307048540078,0.10730890831318579,0.3123984840281538,1.3963147536320724,0.030457390391416705,1.1289522741217697,0.43233684045149046
frozenset({'clicks_homepage_low'}),"frozenset({'clicks_forumng_low', 'clicks_oucontent_low'})",0.3302957039241213,0.11326018225776455,0.10730890831318579,0.32488738738738737,2.868504896522138,0.06989955668778318,1.3134694881653128,0.9726476902959267
"frozenset({'clicks_forumng_low', 'clicks_homepage_low'})",frozenset({'clicks_quiz_low'}),0.2237307048540078,0.3362469778687,0.16830946624511808,0.7522859517871986,2.2373017493140304,0.09308069288152386,2.679513039006556,0.712424188676548
"frozenset({'clicks_forumng_low', 'clicks_quiz_low'})",frozenset({'clicks_homepage_low'}),0.19992560907569276,0.3302957039241213,0.16830946624511808,0.841860465116279,2.54880840142468,0.10227489646300346,4.234894813420996,0.7595041237404677
"frozenset({'clicks_homepage_low', 'clicks_quiz_low'})",frozenset({'clicks_forumng_low'}),0.2267063418262972,0.3308536358564255,0.16830946624511808,0.7424118129614438,2.2439282283831834,0.09330284878017801,2.5977369996529207,0.7168724870382329
frozenset({'clicks_forumng_low'}),"frozenset({'clicks_homepage_low', 'clicks_quiz_low'})",0.3308536358564255,0.2267063418262972,0.16830946624511808,0.5087127599775154,2.243928228383183,0.09330284878017801,1.5740153522780516,0.8284479714021601
frozenset({'clicks_homepage_low'}),"frozenset({'clicks_forumng_low', 'clicks_quiz_low'})",0.3302957039241213,0.19992560907569276,0.16830946624511808,0.509572072072072,2.5488084014246803,0.10227489646300346,1.6313801587618477,0.90735538470744
frozenset({'clicks_quiz_low'}),"frozenset({'clicks_forumng_low', 'clicks_homepage_low'})",0.3362469778687,0.2237307048540078,0.16830946624511808,0.5005530973451328,2.237301749314031,0.09308069288152386,1.5542579021306244,0.8331909676480559
"frozenset({'clicks_oucontent_high', 'clicks_quiz_high'})",frozenset({'clicks_homepage_high'}),0.18058396875581179,0.3286219081272085,0.1138181141900688,0.6302780638516993,1.917942925484203,0.05447426580034974,1.8159000757896393,0.5840843146155421
"frozenset({'clicks_oucontent_high', 'clicks_homepage_high'})",frozenset({'clicks_quiz_high'}),0.1480379393713967,0.3269481123302957,0.1138181141900688,0.7688442211055275,2.351578712676008,0.0654173893593239,2.9116809923102407,0.6746236586754325
"frozenset({'clicks_quiz_high', 'clicks_homepage_high'})",frozenset({'clicks_oucontent_high'}),0.19583410823879488,0.3267621350195276,0.1138181141900688,0.5811965811965811,1.7786533961832764,0.04982694287231493,1.607527146994189,0.5443863252979266
frozenset({'clicks_oucontent_high'}),"frozenset({'clicks_quiz_high', 'clicks_homepage_high'})",0.3267621350195276,0.19583410823879488,0.1138181141900688,0.3483210017074559,1.7786533961832764,0.04982694287231493,1.2339908050868449,0.6502559311017223
frozenset({'clicks_quiz_high'}),"frozenset({'clicks_oucontent_high', 'clicks_homepage_high'})",0.3269481123302957,0.1480379393713967,0.1138181141900688,0.34812286689419797,2.351578712676008,0.0654173893593239,1.3069365642103707,0.8539516386825523
frozenset({'clicks_homepage_high'}),"frozenset({'clicks_oucontent_high', 'clicks_quiz_high'})",0.3286219081272085,0.18058396875581179,0.1138181141900688,0.3463497453310696,1.9179429254842033,0.05447426580034974,1.2536001101372125,0.7128740970072239
"frozenset({'clicks_oucontent_low', 'clicks_quiz_low'})",frozenset({'clicks_homepage_low'}),0.16775153431281384,0.3302957039241213,0.1329737771991817,0.7926829268292682,2.3999189738519005,0.07756616608897945,3.2303383693071788,0.700895573700043
"frozenset({'clicks_oucontent_low', 'clicks_homepage_low'})",frozenset({'clicks_quiz_low'}),0.16533382927282872,0.3362469778687,0.1329737771991817,0.8042744656917884,2.3919158197039527,0.07738077676673343,3.3912438889352026,0.6971950064196053
"frozenset({'clicks_homepage_low', 'clicks_quiz_low'})",frozenset({'clicks_oucontent_low'}),0.2267063418262972,0.34350009298865536,0.1329737771991817,0.586546349466776,1.707558051479618,0.05510012770073071,1.5878440211246607,0.5358486631213903
frozenset({'clicks_oucontent_low'}),"frozenset({'clicks_homepage_low', 'clicks_quiz_low'})",0.34350009298865536,0.2267063418262972,0.1329737771991817,0.3871142393069843,1.707558051479618,0.05510012770073071,1.2617256065784708,0.6311781136710314
frozenset({'clicks_quiz_low'}),"frozenset({'clicks_oucontent_low', 'clicks_homepage_low'})",0.3362469778687,0.16533382927282872,0.1329737771991817,0.3954646017699115,2.3919158197039527,0.07738077676673343,1.3806737755486969,0.8767193019924878
frozenset({'clicks_homepage_low'}),"frozenset({'clicks_oucontent_low', 'clicks_quiz_low'})",0.3302957039241213,0.16775153431281384,0.1329737771991817,0.40259009009009,2.3999189738519,0.07756616608897945,1.3930945099532916,0.8710101894772817
"frozenset({'clicks_forumng_low', 'clicks_homepage_low', 'Result_Fail'})",frozenset({'clicks_quiz_low'}),0.13892505114376047,0.3362469778687,0.12423284359308165,0.8942436412315931,2.659484545853029,0.0775197149957376,6.276246930785837,0.7246608295288474
"frozenset({'clicks_forumng_low', 'clicks_homepage_low', 'clicks_quiz_low'})",frozenset({'Result_Fail'}),0.16830946624511808,0.3022131299981402,0.12423284359308165,0.738121546961326,2.4423874203144926,0.0733675129908282,2.66454479895225,0.7100772738958578
"frozenset({'clicks_forumng_low', 'Result_Fail', 'clicks_quiz_low'})",frozenset({'clicks_homepage_low'}),0.13371768644225404,0.3302957039241213,0.12423284359308165,0.9290681502086231,2.8128375245899586,0.08006646622253243,9.441517428991313,0.7439689106115807
"frozenset({'clicks_homepage_low', 'Result_Fail', 'clicks_quiz_low'})",frozenset({'clicks_forumng_low'}),0.16644969313743724,0.3308536358564255,0.12423284359308165,0.7463687150837989,2.2558879038817237,0.06916235743137422,2.6382642991563836,0.6678847793035082
"frozenset({'clicks_forumng_low', 'clicks_homepage_low'})","frozenset({'Result_Fail', 'clicks_quiz_low'})",0.2237307048540078,0.21089827041100986,0.12423284359308165,0.5552784704904405,2.632920931064461,0.07704842490153527,1.7743726741972994,0.7989414080320432
"frozenset({'clicks_forumng_low', 'Result_Fail'})","frozenset({'clicks_homepage_low', 'clicks_quiz_low'})",0.16105635112516273,0.2267063418262972,0.12423284359308165,0.7713625866050808,3.4024746744672023,0.08772034740160436,3.382183373628417,0.8416492220613085
"frozenset({'clicks_forumng_low', 'clicks_quiz_low'})","frozenset({'clicks_homepage_low', 'Result_Fail'})",0.19992560907569276,0.1913706527803608,0.12423284359308165,0.6213953488372094,3.2470775419802473,0.0859729492767551,2.1358146148921677,0.8649580198041852
"frozenset({'clicks_homepage_low', 'Result_Fail'})","frozenset({'clicks_forumng_low', 'clicks_quiz_low'})",0.1913706527803608,0.19992560907569276,0.12423284359308165,0.6491739552964043,3.2470775419802473,0.0859729492767551,2.280544455016931,0.8558071299902495
"frozenset({'clicks_homepage_low', 'clicks_quiz_low'})","frozenset({'clicks_forumng_low', 'Result_Fail'})",0.2267063418262972,0.16105635112516273,0.12423284359308165,0.5479901558654635,3.4024746744672023,0.08772034740160436,1.8560295970570357,0.9131023666951811
"frozenset({'Result_Fail', 'clicks_quiz_low'})","frozenset({'clicks_forumng_low', 'clicks_homepage_low'})",0.21089827041100986,0.2237307048540078,0.12423284359308165,0.5890652557319224,2.632920931064461,0.07704842490153527,1.8890330057844529,0.7859489599636457
frozenset({'clicks_forumng_low'}),"frozenset({'clicks_homepage_low', 'Result_Fail', 'clicks_quiz_low'})",0.3308536358564255,0.16644969313743724,0.12423284359308165,0.37549184935356944,2.2558879038817237,0.06916235743137422,1.3347308694045898,0.8319787606554541
frozenset({'clicks_homepage_low'}),"frozenset({'clicks_forumng_low', 'Result_Fail', 'clicks_quiz_low'})",0.3302957039241213,0.13371768644225404,0.12423284359308165,0.3761261261261261,2.8128375245899586,0.08006646622253243,1.3885536000708998,0.9623457888444161
frozenset({'Result_Fail'}),"frozenset({'clicks_forumng_low', 'clicks_homepage_low', 'clicks_quiz_low'})",0.3022131299981402,0.16830946624511808,0.12423284359308165,0.4110769230769231,2.4423874203144926,0.0733675129908282,1.4122226931574537,0.8463394373300309
frozenset({'clicks_quiz_low'}),"frozenset({'clicks_forumng_low', 'clicks_homepage_low', 'Result_Fail'})",0.3362469778687,0.13892505114376047,0.12423284359308165,0.3694690265486726,2.6594845458530285,0.0775197149957376,1.3656346557298957,0.9400895603022033
"frozenset({'clicks_oucontent_low', 'Result_Fail', 'clicks_quiz_low'})",frozenset({'clicks_homepage_low'}),0.1411567788729775,0.3302957039241213,0.11902547889157523,0.8432147562582345,2.5529086398651613,0.0724020012500636,4.271475300181445,0.7082665656128194
"frozenset({'clicks_oucontent_low', 'Result_Fail', 'clicks_homepage_low'})",frozenset({'clicks_quiz_low'}),0.12962618560535616,0.3362469778687,0.11902547889157523,0.9182209469153515,2.7307931590507994,0.07543906572912704,8.116418533780983,0.7281997863247863
"frozenset({'clicks_oucontent_low', 'clicks_quiz_low', 'clicks_homepage_low'})",frozenset({'Result_Fail'}),0.1329737771991817,0.3022131299981402,0.11902547889157523,0.8951048951048952,2.961833243679398,0.0788390574765352,6.65223482735107,0.7639575959888459
"frozenset({'clicks_homepage_low', 'Result_Fail', 'clicks_quiz_low'})",frozenset({'clicks_oucontent_low'}),0.16644969313743724,0.34350009298865536,0.11902547889157523,0.7150837988826816,2.081757220677953,0.06184999382093239,2.304185948137857,0.6234015924810353
"frozenset({'clicks_oucontent_low', 'Result_Fail'})","frozenset({'clicks_homepage_low', 'clicks_quiz_low'})",0.1748186721220011,0.2267063418262972,0.11902547889157523,0.6808510638297873,3.003229015761088,0.07939297725186548,2.422986795610936,0.8083375591615957
"frozenset({'clicks_oucontent_low', 'clicks_quiz_low'})","frozenset({'clicks_homepage_low', 'Result_Fail'})",0.16775153431281384,0.1913706527803608,0.11902547889157523,0.7095343680709535,3.707644603612747,0.08692275826522496,2.783907141954636,0.8774867318435755
"frozenset({'clicks_oucontent_low', 'clicks_homepage_low'})","frozenset({'Result_Fail', 'clicks_quiz_low'})",0.16533382927282872,0.21089827041100986,0.11902547889157523,0.719910011248594,3.413541561273095,0.08415686025750646,2.817315010460291,0.8471040831105169
"frozenset({'Result_Fail', 'clicks_quiz_low'})","frozenset({'clicks_oucontent_low', 'clicks_homepage_low'})",0.21089827041100986,0.16533382927282872,0.11902547889157523,0.564373897707231,3.4135415612730946,0.08415686025750646,1.9160150558797817,0.8960177056328069
"frozenset({'clicks_homepage_low', 'Result_Fail'})","frozenset({'clicks_oucontent_low', 'clicks_quiz_low'})",0.1913706527803608,0.16775153431281384,0.11902547889157523,0.6219630709426628,3.707644603612747,0.08692275826522496,2.201500440082557,0.9031170940662374
"frozenset({'clicks_homepage_low', 'clicks_quiz_low'})","frozenset({'clicks_oucontent_low', 'Result_Fail'})",0.2267063418262972,0.1748186721220011,0.11902547889157523,0.5250205086136177,3.0032290157610877,0.07939297725186548,1.7372988578295003,0.8625766594516595
frozenset({'clicks_oucontent_low'}),"frozenset({'clicks_homepage_low', 'Result_Fail', 'clicks_quiz_low'})",0.34350009298865536,0.16644969313743724,0.11902547889157523,0.3465078505684895,2.081757220677953,0.06184999382093239,1.275532242564336,0.7915257613314448
frozenset({'Result_Fail'}),"frozenset({'clicks_oucontent_low', 'clicks_quiz_low', 'clicks_homepage_low'})",0.3022131299981402,0.1329737771991817,0.11902547889157523,0.3938461538461539,2.9618332436793984,0.0788390574765352,1.430373210204396,0.9492458188965885
frozenset({'clicks_quiz_low'}),"frozenset({'clicks_oucontent_low', 'Result_Fail', 'clicks_homepage_low'})",0.3362469778687,0.12962618560535616,0.11902547889157523,0.3539823008849558,2.7307931590507994,0.07543906572912704,1.3472909729670515,0.9548823199775847
frozenset({'clicks_homepage_low'}),"frozenset({'clicks_oucontent_low', 'Result_Fail', 'clicks_quiz_low'})",0.3302957039241213,0.1411567788729775,0.11902547889157523,0.36036036036036034,2.5529086398651613,0.0724020012500636,1.3426985569732324,0.9082963065815051
